package	disposition	owner_requirement	consumer	verification	result_artifact
agy-lane-activation	split	Setup reports authenticated Agy readiness without inference	env/tool-check.sh; skills/foreman/scripts/foreman-setup.sh; skills/foreman/scripts/adapters/agy.sh	bats tests/tool-check-auth.bats tests/foreman-setup.bats tests/adapters.bats	openspec/changes/agy-lane-activation/V030-RESIDUAL.md
audit-groundedness-gate	split	A checker proves that it can fail before it is trusted	skills/foreman/scripts/lib/gate-ground.sh; skills/foreman/scripts/lib/gate-ground-checks.sh	bats tests/gate-ground.bats	openspec/changes/audit-groundedness-gate/V030-RESIDUAL.md
captured-facts-convergence	v029-implemented	A discovery-derived Grok specification inlines captured facts	skills/foreman/references/five-part-spec.md; skills/foreman/templates/captured-facts.md	rg -n 'MUST inline|write-first' skills/foreman/references/five-part-spec.md skills/foreman/templates/captured-facts.md	skills/foreman/references/five-part-spec.md
council-review-plane	v030-deferred	A review reads one immutable round and preserves model-family diversity	openspec/changes/council-review-plane/	test -f openspec/changes/council-review-plane/specs/council-review/spec.md	openspec/changes/council-review-plane/
crlf-extensionless-hardening	v029-implemented	Every Bash-executed tracked file is LF in the index and on autocrlf checkouts	.gitattributes; tests/line-endings.bats	bats tests/line-endings.bats	tests/line-endings.bats
cross-vendor-audit-routing	split	The cross-vendor invariant is enforced over model family	skills/foreman/scripts/lib/audit-call.sh; skills/foreman/scripts/audit-run.sh	bats tests/audit-routing.bats	openspec/changes/cross-vendor-audit-routing/V030-RESIDUAL.md
decision-lineage-and-telemetry	v029-gap	Audit and gate decisions emit lineage and honest telemetry	Missing release sigma and metrics.json rollup	bats tests/decision-events.bats tests/telemetry.bats	not_evaluated
doctrine-reality-drift	v029-gap	Load-bearing documentation claims bind to deterministic fail-capable probes	Missing docs/doctrine-claims.tsv and skills/foreman/scripts/doctrine-check.sh	test ! -e skills/foreman/scripts/doctrine-check.sh	not_evaluated
evidence-contracts	split	Write evidence is a content digest over the declared deliverable set	skills/foreman/scripts/lib/evidence.sh	bats tests/evidence.bats	openspec/changes/evidence-contracts/V030-RESIDUAL.md
foreman-discover-lane	parked	The discovery lane emits facts and determined specifications but not product code	No checkable product-code write boundary exists	test -f openspec/changes/foreman-discover-lane/PARKED.md	openspec/changes/foreman-discover-lane/PARKED.md
formal-model-suite	v029-implemented	A formal verdict comes from the checker outcome line and not a substring	formal/run-checks.sh; formal/specs/	bash formal/run-checks.sh --self-test	formal/coverage.tsv
graph-context-builder	v030-deferred	Worker graph access uses a pre-serialized context block	openspec/changes/graph-context-builder/	test -f openspec/changes/graph-context-builder/specs/consumption/spec.md	openspec/changes/graph-context-builder/
graph-dogfood	v030-deferred	Graph dogfood uses a reproducible pinned Foreman corpus	openspec/changes/graph-dogfood/	test -f openspec/changes/graph-dogfood/specs/dogfood/spec.md	openspec/changes/graph-dogfood/
graph-eval-falsification	v030-deferred	Graph kill criteria and the off-switch are preserved before measurement	openspec/changes/graph-eval-falsification/	test -f openspec/changes/graph-eval-falsification/specs/evaluation/spec.md	openspec/changes/graph-eval-falsification/
graph-store-port	v029-gap	The graph store is a regenerable materialization and not the system of record	skills/foreman/graph_store/ contract suite currently fails	PYTHONPATH=skills/foreman python3 -m graph_store.contract_suite files_only	not_evaluated
knowledge-plane-refresh	v029-gap	The knowledge graph refreshes automatically with an AST-only merge cadence	Missing skills/foreman/scripts/graph-refresh.sh	test ! -e skills/foreman/scripts/graph-refresh.sh	not_evaluated
node-typescript-runtime	v029-gap	All new executable code targets Node.js 24 and is TypeScript	openspec/changes/node-typescript-runtime/; packages/; skills/foreman/runtime/	openspec validate node-typescript-runtime --strict	not_evaluated
lane-ownership-and-reaping	split	Lane liveness uses process state and CPU instead of path existence	skills/foreman/scripts/lib/liveness.sh; tools/lanectl.sh; tools/reap-stale-lanes.sh	bash tests/lane-ownership-harness.sh	openspec/changes/lane-ownership-and-reaping/V030-RESIDUAL.md
lock-primitive-hardening	split	Mutual exclusion is regression-tested by occupancy	skills/foreman/scripts/lib/lock.sh	bats tests/lock.bats	openspec/changes/lock-primitive-hardening/V030-RESIDUAL.md
positive-control-expansion	v030-deferred	Probe and verdict-predicate controls remain explicitly outside v0.2.9 gate scope	openspec/changes/positive-control-expansion/	openspec validate positive-control-expansion --strict	openspec/changes/positive-control-expansion/
readme-refresh	v029-gap	The README has twelve ordered sections and release claims bind to evidence	README structure exists but claim ledger and docs-gate integration are missing	bats tests/readme-structure.bats	not_evaluated
regression-harness-tiers	v029-implemented	Tier 0 and Tier 1 are gating and Tier 2 is on-demand research	tests/selftest-test-infrastructure.sh; tests/tier1-replay.sh	bash tests/selftest-test-infrastructure.sh; bats tests/tier1-replay.bats	docs/evidence/regression-harness-tier0-deltas.tsv
release-metrics	v029-implemented	Each published metric has a documented misreading and companion number	skills/foreman/scripts/lib/metrics-lint.sh; skills/foreman/references/release-metrics.md	bats tests/release-metrics.bats	skills/foreman/references/release-metrics.md
round-ownership-default	v029-gap	Round-owned dispatch remains round-owned across automatic resume	Dispatch enforcement exists but lane-supervise.sh resumes in plain mode	bats tests/round-ownership.bats	not_evaluated
spec-triage-gate	parked	All Grok entrypoints refuse an under-determined specification	The entrypoints expose no common specification path	test -f openspec/changes/spec-triage-gate/PARKED.md	openspec/changes/spec-triage-gate/PARKED.md
test-infrastructure-hardening	v029-gap	Every kind gate check has a registered observed positive control	The inventory scanner and live registry are not yet integrated	bats tests/check-inventory.bats	not_evaluated
three-outcome-verdicts	v029-implemented	Every gate input binds to the diff and evaluated tree	skills/foreman/scripts/gate-eval.sh; skills/foreman/scripts/adapters/verdict.schema.json	bats tests/audit-verdict.bats	tests/audit-verdict.bats
v029-release-convergence	v029-gap	Every active package has executable disposition evidence	openspec/changes/v029-release-convergence/evidence/package-matrix.tsv	bash skills/foreman/scripts/package-matrix-check.sh openspec/changes/v029-release-convergence/evidence/package-matrix.tsv	not_evaluated
vendor-adapter-contract	v029-implemented	Each vendor invocation is built by a standalone per-vendor adapter	skills/foreman/scripts/adapters/	bats tests/adapters.bats	tests/adapters.bats
vendor-concurrency-and-quota	split	A new vendor concurrency cap stays at one until a higher cap has GREEN evidence	skills/foreman/scripts/lane-queue.sh; skills/foreman/scripts/adapters/	bats tests/vendor-concurrency-test.bats	openspec/changes/vendor-concurrency-and-quota/V030-RESIDUAL.md
vendor-preflight	v029-gap	Vendor readiness reports discoverable authenticated and current as separate facts	Missing env/vendor-preflight.sh	bats tests/vendor-preflight.bats	not_evaluated
work-dag-projection	v030-deferred	The work plane is a deterministic event-log projection	openspec/changes/work-dag-projection/	test -f openspec/changes/work-dag-projection/specs/work-plane/spec.md	openspec/changes/work-dag-projection/
workload-fit-accounting	split	The fit report reads the fit ledger and emits discovery-versus-offload accounting	skills/foreman/scripts/foreman-fit-report.sh; skills/foreman/scripts/foreman-cleanup.sh	bats tests/fit-report.bats	openspec/changes/workload-fit-accounting/V030-RESIDUAL.md
wsl-launcher-shipped	v029-implemented	Setup builds the POSIX launcher when it is absent	skills/foreman/scripts/foreman-setup.sh; env/tool-check.sh	bats tests/wsl-launcher-shipped.bats	tests/wsl-launcher-shipped.bats
wsl-preflight	v029-gap	A WSL preflight runs before event writes and rejects an unsafe FOREMAN_HOME	Missing skills/foreman/scripts/wsl-preflight.sh	bats tests/wsl-preflight.bats	not_evaluated
wsl-tool-path-persistence	v029-gap	Vendor CLIs resolve from a persisted WSL-native path without shell startup files	lane-run.sh reads the environment file but Setup does not generate it	bats tests/vendor-isolation.bats	not_evaluated
